ID,Type,Name,Phone,credit_card_id,billing_address_id
1,P,Chandler Morton,1-717-244-9511,1,1
2,P,Luke Ochoa,1-646-491-4409,2,2
3,P,Brenda Haley,1-378-849-5343,3,3
4,P,Kuame Cochran,1-730-713-7930,4,4
5,P,Callie Simpson,1-578-460-9417,5,5
6,P,Phelan Wright,1-797-611-2709,6,6
7,P,Marshall Salinas,1-653-635-2060,7,7
8,P,Jolie Weaver,1-262-747-4856,8,8
9,P,Sybill Blanchard,1-788-843-8594,9,9
10,P,Mason Garrett,1-999-813-6948,10,10
11,P,Helen Page,1-986-579-8933,11,11
12,P,Gwendolyn Bryan,1-646-474-3375,12,12
13,P,Caryn Mckee,1-460-769-2934,13,13
14,P,Jada Stafford,1-315-427-7962,14,14
15,P,Elvis Odonnell,1-814-609-1681,15,15
16,P,Jameson Mercado,1-875-530-1648,16,16
17,P,Kareem Key,1-129-580-6144,17,17
18,P,Lucian Lowery,1-576-936-7739,18,18
19,P,Anthony Hoffman,1-723-928-6284,19,19
20,P,Lillian Tanner,1-159-289-8320,20,20
21,P,Alyssa Hartman,1-684-362-9897,21,21
22,P,Stewart Fischer,1-739-730-4784,22,22
23,P,Illana Holder,1-192-344-3428,23,23
24,P,Sebastian Hoffman,1-827-106-9946,24,24
25,P,Perry Clemons,1-100-664-9104,25,25
26,P,Glenna Payne,1-948-537-1029,26,26
27,P,Myles Anthony,1-933-128-7865,27,27
28,P,Hasad Bishop,1-273-161-9281,28,28
29,P,Quon Alford,1-960-885-5091,29,29
30,P,Kiayada Andrews,1-793-736-0192,30,30
31,P,Cullen Lawson,1-838-757-3761,31,31
32,P,Germane Cochran,1-530-834-9736,32,32
33,P,Idona Moore,1-655-247-9214,33,33
34,P,Armand Jimenez,1-353-355-8344,34,34
35,P,Aubrey Dickerson,1-474-347-9029,35,35
36,P,Griffith Everett,1-908-806-6630,36,36
37,P,Buffy Patterson,1-133-875-9372,37,37
38,P,Karyn Whitehead,1-491-227-1041,38,38
39,P,Fulton Wilkerson,1-211-877-0985,39,39
40,P,Jared Pickett,1-326-984-5758,40,40
41,P,Noelle Williamson,1-933-671-4688,41,41
42,P,Hasad Mason,1-320-962-8891,42,42
43,P,Maya Harris,1-527-672-4056,43,43
44,P,Martina Potts,1-494-467-7570,44,44
45,P,Erich Blackwell,1-783-666-5076,45,45
46,P,Martena Mitchell,1-271-271-5495,46,46
47,P,Inez Huber,1-536-408-6275,47,47
48,P,Hedley Schroeder,1-974-868-5407,48,48
49,P,April Becker,1-636-762-2881,49,49
50,P,Teegan Pace,1-237-671-6494,50,50
51,P,Kuame Vazquez,1-841-666-8372,51,51
52,P,Donovan Sharpe,1-761-706-8455,52,52
53,P,Shea Stanley,1-530-996-4518,53,53
54,P,Unity Christian,1-639-526-0833,54,54
55,P,Tatiana Branch,1-531-576-8928,55,55
56,P,Madonna Bean,1-419-298-4104,56,56
57,P,Hyacinth Porter,1-873-922-9350,57,57
58,P,Kerry Douglas,1-944-488-8893,58,58
59,P,Zephr Daugherty,1-709-504-8507,59,59
60,P,Logan Leblanc,1-309-330-2887,60,60
61,P,Amethyst Moody,1-978-950-4686,61,61
62,P,Solomon Fletcher,1-165-554-0358,62,62
63,P,Coby Soto,1-688-396-0984,63,63
64,P,Kieran Hardy,1-105-109-7562,64,64
65,P,Lionel Jones,1-598-332-8072,65,65
66,P,Tallulah Dennis,1-530-285-9201,66,66
67,P,Karleigh Valencia,1-135-698-4052,67,67
68,P,Ocean Park,1-712-633-3062,68,68
69,P,Indira Glover,1-611-881-3266,69,69
70,P,Regan Kemp,1-179-967-6117,70,70
71,P,Lilah Harrison,1-357-724-8961,71,71
72,P,Nina York,1-177-896-4829,72,72
73,P,Yvonne Patel,1-443-643-1411,73,73
74,P,Prescott Curry,1-689-537-8986,74,74
75,P,Rhona May,1-137-395-7931,75,75
76,P,Xenos Saunders,1-402-764-8056,76,76
77,P,Lane Walters,1-733-955-3364,77,77
78,P,Zia Carey,1-424-179-0319,78,78
79,P,Ciara Santana,1-449-175-1808,79,79
80,P,Yuli Ochoa,1-127-576-7850,80,80
81,P,Melodie Young,1-392-440-9226,81,81
82,P,Harding Ford,1-362-447-3254,82,82
83,P,Christine Ellison,1-560-116-9652,83,83
84,P,Winifred Reeves,1-685-184-5909,84,84
85,P,Cleo Guerra,1-938-999-8701,85,85
86,P,Grant Koch,1-715-248-0144,86,86
87,P,Hiroko Johnston,1-481-750-0516,87,87
88,P,Carter Hendrix,1-286-299-6859,88,88
89,P,Cain Puckett,1-233-400-4668,89,89
90,P,Keefe Hooper,1-583-763-8197,90,90
91,P,Elton Small,1-290-804-0697,91,91
92,P,Hunter Heath,1-852-815-9064,92,92
93,P,Cora Holman,1-162-820-6948,93,93
94,P,Teagan Glass,1-877-503-9145,94,94
95,P,Micah Prince,1-419-258-2021,95,95
96,P,Julie William,1-407-253-7092,96,96
97,P,Dorothy Justice,1-234-697-7418,97,97
98,P,Adrienne Riddle,1-771-597-3487,98,98
99,P,Hall Roach,1-130-294-3109,99,99
100,P,Nicole Bolton,1-793-676-8219,100,100
101,P,Shafira Ashley,1-889-722-3911,101,101
102,P,Bethany Singleton,1-823-548-8804,102,102
103,P,Linda Patton,1-326-738-1910,103,103
104,P,Anika Steele,1-307-885-8845,104,104
105,P,Wade Dorsey,1-348-911-2015,105,105
106,P,Buckminster Morton,1-693-255-1034,106,106
107,P,Anjolie Hinton,1-113-825-1991,107,107
108,P,Sydney Peterson,1-465-651-6217,108,108
109,P,Joseph Webster,1-527-508-7969,109,109
110,P,Isaac Jacobs,1-481-344-6484,110,110
111,P,Brady Whitfield,1-534-465-0921,111,111
112,P,Jesse Torres,1-590-454-5576,112,112
113,P,Jasmine Benson,1-566-635-6032,113,113
114,P,Jaquelyn Cherry,1-526-981-9685,114,114
115,P,Madonna Franks,1-589-465-6162,115,115
116,P,Quynn Holden,1-926-380-4238,116,116
117,P,Melyssa Haley,1-693-599-8947,117,117
118,P,Gregory Garza,1-492-967-6149,118,118
119,P,Fay Kaufman,1-801-164-6067,119,119
120,P,Jane Moore,1-454-830-4693,120,120
121,P,Nash Nolan,1-259-315-5251,121,121
122,P,Carl Frazier,1-873-268-0350,122,122
123,P,Ocean Downs,1-684-898-5057,123,123
124,P,Emerson Turner,1-624-687-4102,124,124
125,P,Irma Buckner,1-650-692-1621,125,125
126,P,Felicia Collins,1-943-777-1824,126,126
127,P,Daryl Mcintyre,1-497-644-1584,127,127
128,P,Aphrodite Galloway,1-181-682-9258,128,128
129,P,Louis Haynes,1-486-536-3801,129,129
130,P,Hilel Robbins,1-659-466-0213,130,130
131,P,Callum Patel,1-460-580-1923,131,131
132,P,Kalia Tyson,1-586-568-4632,132,132
133,P,Kenyon Case,1-786-224-0902,133,133
134,P,Autumn Thompson,1-275-315-6528,134,134
135,P,Illiana Thomas,1-651-200-0056,135,135
136,P,India Mercer,1-403-607-6446,136,136
137,P,Prescott Mayo,1-549-491-6168,137,137
138,P,Camilla Lindsey,1-259-432-0583,138,138
139,P,Nathan Davidson,1-528-640-5751,139,139
140,P,Harper Davis,1-423-453-1452,140,140
141,P,Lacy Moss,1-767-849-2691,141,141
142,P,Colin Byrd,1-910-295-7957,142,142
143,P,Orli Lang,1-597-785-4584,143,143
144,P,Adena Yates,1-313-195-2630,144,144
145,P,Hilary Buckley,1-618-451-0690,145,145
146,P,Linus Bowen,1-293-824-7594,146,146
147,P,Griffith Chang,1-198-403-1183,147,147
148,P,Jordan Tyler,1-822-428-3129,148,148
149,P,Colin Pruitt,1-462-772-7100,149,149
150,P,Savannah Finch,1-472-354-8349,150,150
151,P,Quyn Zamora,1-396-410-9418,151,151
152,P,Harrison Armstrong,1-137-552-0615,152,152
153,P,Odette Francis,1-801-178-6057,153,153
154,P,Nyssa Fitzpatrick,1-491-410-2316,154,154
155,P,Declan Cline,1-320-104-7143,155,155
156,P,Alfonso Benson,1-163-499-4023,156,156
157,P,Ferdinand Marquez,1-137-629-4872,157,157
158,P,Kendall Turner,1-413-243-5569,158,158
159,P,Autumn Castaneda,1-596-107-8961,159,159
160,P,Kane Simpson,1-931-189-0127,160,160
161,P,Aurelia Roberts,1-623-523-0516,161,161
162,P,Brock Rush,1-190-400-3510,162,162
163,P,Nathaniel Farmer,1-694-648-4533,163,163
164,P,Gage Taylor,1-209-777-0748,164,164
165,P,Bo Rhodes,1-986-731-6069,165,165
166,P,Jade Snow,1-137-713-4949,166,166
167,P,Leigh Sanders,1-662-549-2334,167,167
168,P,Wang Vega,1-432-340-9794,168,168
169,P,Asher Lawrence,1-192-700-7654,169,169
170,P,Griffin Evans,1-281-647-4125,170,170
171,P,Cassidy Tucker,1-808-302-6077,171,171
172,P,Hannah Riddle,1-625-675-9284,172,172
173,P,Kirestin Kidd,1-210-543-7806,173,173
174,P,Kareem Brooks,1-635-930-2885,174,174
175,P,Petra Parker,1-598-551-6190,175,175
176,P,Abraham Winters,1-682-471-0704,176,176
177,P,Castor Klein,1-792-635-4842,177,177
178,P,Boris Fleming,1-111-574-3913,178,178
179,P,Prescott Mercer,1-695-757-8485,179,179
180,P,Jorden Camacho,1-925-225-8629,180,180
181,P,McKenzie Lindsey,1-349-618-2630,181,181
182,P,Matthew Wright,1-893-894-9332,182,182
183,P,Armand Long,1-537-761-3511,183,183
184,P,Graham Gibbs,1-256-176-2811,184,184
185,P,Kylie Willis,1-795-671-1186,185,185
186,P,Anthony Daniels,1-100-892-4491,186,186
187,P,MacKensie Doyle,1-557-646-4189,187,187
188,P,Helen Bennett,1-600-170-7779,188,188
189,P,Brielle Reese,1-921-937-5297,189,189
190,P,Tyrone Singleton,1-607-887-1144,190,190
191,P,Russell Keller,1-582-545-8349,191,191
192,P,Brian Vaughan,1-600-931-7862,192,192
193,P,Hyatt Charles,1-736-909-5961,193,193
194,P,Alfonso Leach,1-264-299-5996,194,194
195,P,Vincent Hutchinson,1-394-808-5920,195,195
196,P,Matthew Collins,1-481-192-6036,196,196
197,P,Jemima Combs,1-373-751-1396,197,197
198,P,Berk Travis,1-255-757-8323,198,198
199,P,Jin Norton,1-675-269-8054,199,199
200,P,Claudia York,1-501-138-6618,200,200
201,P,Galvin White,1-293-604-3469,201,201
202,P,Colby Morse,1-197-990-7403,202,202
203,P,Gwendolyn Middleton,1-353-530-6420,203,203
204,P,Violet Brewer,1-912-968-8694,204,204
205,P,Zephr Calhoun,1-844-295-6974,205,205
206,P,Harding Mullen,1-143-147-6792,206,206
207,P,Garrett Leblanc,1-871-449-7712,207,207
208,P,Stuart Maynard,1-426-579-0870,208,208
209,P,Victor Fox,1-321-303-4120,209,209
210,P,Gil Hutchinson,1-821-648-7447,210,210
211,P,Alec Mcmahon,1-383-705-7554,211,211
212,P,Hedley Hood,1-928-986-6690,212,212
213,P,Kuame Meyer,1-650-358-7653,213,213
214,P,Porter Dixon,1-860-838-8797,214,214
215,P,Leo Washington,1-134-443-1452,215,215
216,P,Cyrus Ayers,1-605-345-2285,216,216
217,P,Russell Best,1-652-418-6949,217,217
218,P,Joan Morgan,1-461-847-9248,218,218
219,P,Nola Hamilton,1-755-969-4107,219,219
220,P,Nathaniel Knox,1-925-642-4865,220,220
221,P,Harlan Gaines,1-262-969-3678,221,221
222,P,Lillian Maxwell,1-186-941-4039,222,222
223,P,Freya Key,1-256-645-7968,223,223
224,P,Elaine Chapman,1-103-534-4821,224,224
225,P,Aaron Arnold,1-350-783-5769,225,225
226,P,Jessamine Benson,1-435-924-9659,226,226
227,P,Odysseus Anthony,1-293-768-2647,227,227
228,P,Cherokee Avery,1-802-231-1889,228,228
229,P,Kane Evans,1-233-756-5813,229,229
230,P,Lee Spence,1-621-854-4899,230,230
231,P,Tyler Fleming,1-767-757-1675,231,231
232,P,Kylynn Herring,1-275-608-0541,232,232
233,P,Cailin Lewis,1-220-929-6119,233,233
234,P,Coby Graham,1-381-102-2282,234,234
235,P,Griffith Solomon,1-935-252-6717,235,235
236,P,Porter Blake,1-812-326-8374,236,236
237,P,Melanie Rasmussen,1-302-132-2227,237,237
238,P,Byron Calhoun,1-196-177-5685,238,238
239,P,Leroy Hughes,1-231-429-5132,239,239
240,P,Adele Aguilar,1-547-171-7006,240,240
241,P,Kellie Hancock,1-263-862-4122,241,241
242,P,Odessa Bonner,1-182-377-3354,242,242
243,P,Abigail Turner,1-147-773-2208,243,243
244,P,Nigel Bradshaw,1-888-785-7819,244,244
245,P,Bernard Turner,1-344-134-9073,245,245
246,P,Reuben Todd,1-684-375-4691,246,246
247,P,Malachi Lynn,1-217-606-7961,247,247
248,P,Jolene Branch,1-624-756-4333,248,248
249,P,Eagan Valentine,1-586-102-8279,249,249
250,C,Norman Cooley,1-697-126-7838,250,250
251,C,Belle Robertson,1-684-799-1067,251,251
252,C,Zenaida Robertson,1-752-261-0851,252,252
253,C,Brooke Cameron,1-798-126-3819,253,253
254,C,Lillith Craig,1-933-244-2083,254,254
255,C,Liberty Jensen,1-411-262-3766,255,255
256,C,Quentin Hess,1-950-716-7204,256,256
257,C,Regan Mathews,1-785-817-0966,257,257
258,C,Sandra Herring,1-475-155-9474,258,258
259,C,Kaye Hines,1-185-384-5106,259,259
260,C,Beck Hinton,1-258-425-8571,260,260
261,C,Quinn Farley,1-627-198-3987,261,261
262,C,Maya Dean,1-904-582-4269,262,262
263,C,Harriet Henry,1-526-219-9757,263,263
264,C,Eleanor Weeks,1-996-703-3268,264,264
265,C,Micah Kennedy,1-236-556-6228,265,265
266,C,Lucius Beach,1-964-346-7977,266,266
267,C,Cooper Potts,1-681-275-1638,267,267
268,C,Lawrence Boyer,1-594-427-5614,268,268
269,C,Jeanette Meyer,1-236-517-1005,269,269
270,C,Brendan Kaufman,1-983-922-8365,270,270
271,C,Ayanna Whitley,1-449-886-7423,271,271
272,C,Garrett Stanton,1-933-621-9427,272,272
273,C,Geoffrey Hunter,1-351-664-4311,273,273
274,C,Cassady Gallagher,1-975-522-3362,274,274
275,C,Rahim Davenport,1-640-208-6448,275,275
276,C,Whitney Oneill,1-571-859-1821,276,276
277,C,Yen Mcneil,1-117-922-2989,277,277
278,C,Taylor Davidson,1-618-917-2670,278,278
279,C,Kim Bishop,1-955-790-0120,279,279
280,C,Ayanna Powell,1-994-297-9589,280,280
281,C,Demetria Lopez,1-758-613-0580,281,281
282,C,Amal Gamble,1-586-485-4771,282,282
283,C,Yuri Rollins,1-408-416-2886,283,283
284,C,Leonard Clements,1-742-896-4103,284,284
285,C,Hayley Hatfield,1-932-526-2623,285,285
286,C,Remedios Kent,1-379-671-8391,286,286
287,C,Ruth Drake,1-723-424-5679,287,287
288,C,Dora Weber,1-866-503-7733,288,288
289,C,Merritt Pacheco,1-783-327-8162,289,289
290,C,Craig Vargas,1-365-983-3599,290,290
291,C,Alika Brown,1-302-333-3307,291,291
292,C,Gail Barrett,1-495-918-7071,292,292
293,C,Uriah Lambert,1-781-580-8612,293,293
294,C,Cairo Compton,1-361-188-0757,294,294
295,C,Sebastian Harrell,1-953-880-7143,295,295
296,C,Victor Sharp,1-293-457-0621,296,296
297,C,Shannon Wells,1-379-898-1461,297,297
298,C,Gray Bean,1-278-817-4913,298,298
299,C,Michael Hernandez,1-623-965-7954,299,299
300,C,Boris Mueller,1-189-551-0260,300,300
301,C,Chloe Burnett,1-635-450-0521,301,301
302,C,Wade Goff,1-743-525-5042,302,302
303,C,Howard Espinoza,1-607-117-2802,303,303
304,C,Vincent Austin,1-401-682-6460,304,304
305,C,Roanna Gutierrez,1-995-591-5312,305,305
306,C,Devin Harper,1-108-812-9965,306,306
307,C,Wilma Mcbride,1-523-694-1169,307,307
308,C,Octavia Moody,1-764-301-3289,308,308
309,C,Desirae Bean,1-693-554-5264,309,309
310,C,Ethan Moss,1-493-389-8451,310,310
311,C,Tashya Johnson,1-167-177-4066,311,311
312,C,Anne Moss,1-851-464-6953,312,312
313,C,Blaze Winters,1-682-557-9587,313,313
314,C,Candice Herrera,1-197-764-9026,314,314
315,C,Damian Howell,1-953-922-5917,315,315
316,C,Virginia Burt,1-870-225-7470,316,316
317,C,Justin Guy,1-688-693-2368,317,317
318,C,Sloane Burris,1-579-749-3369,318,318
319,C,Xyla Garrison,1-971-488-1158,319,319
320,C,Sasha Brown,1-144-136-2655,320,320
321,C,Buffy Travis,1-749-355-2181,321,321
322,C,Kai Hughes,1-938-739-1398,322,322
323,C,Nissim Hull,1-400-110-9961,323,323
324,C,Fredericka Thomas,1-434-382-2277,324,324
325,C,Nicole Gray,1-745-423-0000,325,325
326,C,Tad Phillips,1-550-838-4157,326,326
327,C,Blair Mcbride,1-894-935-5680,327,327
328,C,Garrison Watkins,1-610-305-1967,328,328
329,C,Joy Potts,1-106-594-7087,329,329
330,C,Wade Skinner,1-311-960-6819,330,330
331,C,Kai Tyler,1-610-851-2172,331,331
332,C,Driscoll Neal,1-730-352-8883,332,332
333,C,Orlando Wooten,1-583-956-5515,333,333
334,C,Roth Mercado,1-121-813-0177,334,334
335,C,Cameran Alexander,1-744-347-9523,335,335
336,C,Travis Daniels,1-880-627-1643,336,336
337,C,Raven Roberts,1-105-602-1540,337,337
338,C,Destiny Mejia,1-947-839-4980,338,338
339,C,Sawyer Tucker,1-594-912-5405,339,339
340,C,Timothy Morrison,1-741-791-3061,340,340
341,C,Cedric Collins,1-873-246-7867,341,341
342,C,Joel Gilmore,1-458-740-5993,342,342
343,C,Doris Wolfe,1-534-571-7702,343,343
344,C,Cain Coleman,1-244-428-2588,344,344
345,C,Matthew Clayton,1-387-330-6174,345,345
346,C,Nicholas Bernard,1-386-575-4132,346,346
347,C,Chase Mckenzie,1-222-161-7605,347,347
348,C,David Love,1-966-451-7744,348,348
349,C,Kelsie Craig,1-629-293-5357,349,349
350,C,Nina Callahan,1-757-482-9067,350,350
351,C,Wesley Ortiz,1-765-500-7256,351,351
352,C,Hoyt Floyd,1-733-364-9063,352,352
353,C,Todd Massey,1-886-792-1247,353,353
354,C,Xerxes Wallace,1-258-930-6697,354,354
355,C,David Mathis,1-107-770-5920,355,355
356,C,Elvis Butler,1-246-322-3762,356,356
357,C,Nyssa Vinson,1-550-101-2861,357,357
358,C,Giacomo Cox,1-428-253-5675,358,358
359,C,Ray Mathews,1-323-377-0495,359,359
360,C,Alvin Cantrell,1-281-604-6241,360,360
361,C,Dustin Riley,1-738-804-0164,361,361
362,C,Venus Armstrong,1-627-245-1031,362,362
363,C,Amethyst Glover,1-596-101-9314,363,363
364,C,Kareem Hunter,1-776-347-1863,364,364
365,C,Hayden Moss,1-879-469-8768,365,365
366,C,Ashton Shannon,1-169-761-2021,366,366
367,C,Graham Carney,1-547-100-7449,367,367
368,C,Suki Sandoval,1-855-254-5797,368,368
369,C,Hadley Sweet,1-809-618-3341,369,369
370,C,Maggy Ellis,1-622-967-5026,370,370
371,C,Nina Mcclure,1-661-362-5748,371,371
372,C,Gisela Pace,1-352-960-0522,372,372
373,C,Isaiah Fitzgerald,1-325-152-6721,373,373
374,C,Kamal Patel,1-992-745-5023,374,374
375,C,Randall Knowles,1-731-106-5158,375,375
376,C,Dawn Gould,1-124-775-1777,376,376
377,C,Linda Newton,1-397-643-6614,377,377
378,C,Jescie Graham,1-873-842-8098,378,378
379,C,Ahmed Jackson,1-999-170-1385,379,379
380,C,Lesley Turner,1-426-701-4181,380,380
381,C,Erich Shelton,1-326-570-5912,381,381
382,C,Velma Mays,1-689-305-9129,382,382
383,C,Zeus Davis,1-258-992-5715,383,383
384,C,Hillary Le,1-990-304-4974,384,384
385,C,Cassady Dale,1-304-739-4996,385,385
386,C,Sierra Potter,1-491-298-1308,386,386
387,C,Michael Riddle,1-396-637-3877,387,387
388,C,Kylan Carlson,1-255-249-7980,388,388
389,C,Vincent Watson,1-683-605-8357,389,389
390,C,Charles Rice,1-100-614-1856,390,390
391,C,Velma Guerrero,1-959-284-4712,391,391
392,C,Leandra Huber,1-699-534-3051,392,392
393,C,Bernard Hicks,1-513-894-4167,393,393
394,C,Erica Parker,1-576-834-8827,394,394
395,C,Thaddeus Lynch,1-100-278-5096,395,395
396,C,Maxwell Kramer,1-668-179-4858,396,396
397,C,Anthony Montoya,1-436-767-9254,397,397
398,C,Brock Rutledge,1-997-615-4764,398,398
399,C,Olga Bentley,1-371-380-7874,399,399
400,C,Herrod Zimmerman,1-399-633-5583,400,400
401,C,Pascale Floyd,1-692-646-0193,401,401
402,C,Marcia Moses,1-346-755-1856,402,402
403,C,Marsden Talley,1-966-761-4481,403,403
404,C,Felicia Acosta,1-998-881-6533,404,404
405,C,Dustin Hebert,1-164-692-5764,405,405
406,C,Hayden Ingram,1-298-155-5607,406,406
407,C,Warren Coffey,1-422-422-7206,407,407
408,C,Rigel Sellers,1-429-477-9729,408,408
409,C,Otto Ball,1-208-129-9713,409,409
410,C,August Padilla,1-185-853-7154,410,410
411,C,Shellie Fox,1-753-480-5970,411,411
412,C,Ethan Rogers,1-418-446-6853,412,412
413,C,Iola Irwin,1-354-688-9472,413,413
414,C,Victor Bradford,1-434-450-7309,414,414
415,C,Danielle Kramer,1-588-390-9148,415,415
416,C,Karleigh Franks,1-399-242-0882,416,416
417,C,Felicia Orr,1-263-439-9558,417,417
418,C,Lavinia Mason,1-100-621-4176,418,418
419,C,Xerxes Perez,1-674-509-5564,419,419
420,C,Richard Parsons,1-659-494-6607,420,420
421,C,Frances Small,1-928-184-9032,421,421
422,C,Troy Santos,1-340-574-1123,422,422
423,C,Kay Gould,1-979-609-9149,423,423
424,C,Chloe Norman,1-797-117-8793,424,424
425,C,Sandra Benton,1-973-692-3733,425,425
426,C,Kato Larson,1-844-801-8737,426,426
427,C,Cameron Kent,1-319-335-2619,427,427
428,C,Eric Roman,1-676-369-9564,428,428
429,C,Jael Molina,1-280-807-6966,429,429
430,C,Patrick Mcintosh,1-107-208-8593,430,430
431,C,Yolanda Owen,1-298-567-5740,431,431
432,C,Quinlan Langley,1-160-145-5798,432,432
433,C,Elmo Chapman,1-694-614-6476,433,433
434,C,Amery Vance,1-257-314-2728,434,434
435,C,Mechelle Munoz,1-801-851-2655,435,435
436,C,Lucas Stark,1-884-532-7732,436,436
437,C,Imelda Glass,1-279-238-6098,437,437
438,C,Nehru Chan,1-701-924-5191,438,438
439,C,Genevieve Fitzgerald,1-738-333-6611,439,439
440,C,Tarik Castro,1-190-211-2805,440,440
441,C,Cyrus Hamilton,1-876-130-3038,441,441
442,C,Edward Decker,1-521-765-3307,442,442
443,C,Price Evans,1-596-325-2958,443,443
444,C,Uriel Torres,1-954-615-3656,444,444
445,C,Mariko Gates,1-303-768-8204,445,445
446,C,Hall Middleton,1-959-709-9138,446,446
447,C,Adara Mccarty,1-615-806-0267,447,447
448,C,Garrett Ware,1-952-936-0672,448,448
449,C,Elvis Wong,1-618-937-5668,449,449
450,C,Kermit Douglas,1-757-764-6299,450,450
451,C,Jonah Lyons,1-918-772-0497,451,451
452,C,Wanda Cobb,1-718-593-4247,452,452
453,C,Ulric Wells,1-299-417-6950,453,453
454,C,Lillian Cochran,1-951-594-9776,454,454
455,C,Lisandra Rich,1-658-391-8936,455,455
456,C,Ryder Harris,1-711-566-5392,456,456
457,C,Wyoming Benton,1-213-775-4798,457,457
458,C,Lewis Good,1-353-564-3854,458,458
459,C,Victoria Shannon,1-787-930-1204,459,459
460,C,Yael Mckay,1-489-499-9435,460,460
461,C,Gage Frost,1-578-914-4463,461,461
462,C,Hanna Sargent,1-429-293-7453,462,462
463,C,Kaye Rice,1-959-337-9122,463,463
464,C,Mia Thornton,1-889-195-8452,464,464
465,C,Sylvester Gilliam,1-194-424-8720,465,465
466,C,Kirsten Patel,1-868-952-0415,466,466
467,C,Buckminster Castaneda,1-194-488-5496,467,467
468,C,August Sawyer,1-571-324-9307,468,468
469,C,Price Carrillo,1-705-246-7447,469,469
470,C,Destiny Joseph,1-555-439-0172,470,470
471,C,Denton Middleton,1-939-526-7059,471,471
472,C,Eliana Fuentes,1-998-112-1076,472,472
473,C,Chadwick Hunter,1-197-429-0763,473,473
474,C,Victoria Lowery,1-203-975-3841,474,474
475,C,William Mckay,1-988-738-6839,475,475
476,C,Cade Stanton,1-325-380-0178,476,476
477,C,Palmer Barr,1-402-234-7659,477,477
478,C,Zephania Meadows,1-579-400-7318,478,478
479,C,Lareina Haynes,1-559-874-7121,479,479
480,C,Louis Dale,1-137-458-5788,480,480
481,C,Cecilia Barton,1-527-535-3051,481,481
482,C,Laith Irwin,1-367-883-3500,482,482
483,C,Lacota Farrell,1-175-182-6343,483,483
484,C,Cole Burch,1-278-699-2287,484,484
485,C,Montana Lambert,1-589-454-7661,485,485
486,C,Kennedy Willis,1-861-466-6489,486,486
487,C,Hedley Marshall,1-754-403-1053,487,487
488,C,Nelle Holman,1-160-629-6220,488,488
489,C,Veronica Barrett,1-514-821-4258,489,489
490,C,Aladdin Phillips,1-906-691-1824,490,490
491,C,Herman Jimenez,1-318-751-9353,491,491
492,C,Barclay Johnston,1-208-751-4091,492,492
493,C,Finn Clayton,1-424-266-1234,493,493
494,C,Ahmed Cote,1-475-655-8925,494,494
495,C,Thomas Farmer,1-598-337-0176,495,495
496,C,Xander Vance,1-499-479-6694,496,496
497,C,Adam Hogan,1-418-840-0716,497,497
498,C,Neville Spears,1-491-851-3594,498,498
499,C,Raya Carney,1-944-923-8054,499,499
500,C,Jameson Garza,1-556-800-6550,500,500
